Feature Type,Features,mean,std
Basic Info,id,125.5,72.74556114751378
Basic Info,gender,0.5158730158730159,0.4997479838549576
Baseline Features,PPE,0.7462842195767194,0.16918156715627086
Baseline Features,DFA,0.7004139417989419,0.06967191880647831
Baseline Features,RPDE,0.4890576058201058,0.1373515507236781
Baseline Features,numPulses,323.97222222222223,99.15341659290341
Baseline Features,numPeriodsPulses,322.67857142857144,99.33673487342777
Baseline Features,meanPeriodPulses,0.006360002284391535,0.0018252185178274252
Baseline Features,stdDevPeriodPulses,0.0003829400833333333,0.0007271678144359748
Baseline Features,locPctJitter,0.0023244265277777777,0.0026262626307503863
Baseline Features,locAbsJitter,1.6733911375661378e-05,2.2886192448441905e-05
Baseline Features,rapJitter,0.0006049931626984126,0.000980063011966523
Baseline Features,ppq5Jitter,0.0011589665013227513,0.00167560789776722
Baseline Features,ddpJitter,0.0018150854973544973,0.002940098248134842
Baseline Features,locShimmer,0.06747323413492064,0.04294062696699493
Baseline Features,locDbShimmer,0.6064195357804233,0.3823165222887691
Baseline Features,apq3Shimmer,0.03437513483862434,0.022350869009808427
Baseline Features,apq5Shimmer,0.04117476328042328,0.02714694228848841
Baseline Features,apq11Shimmer,0.055366361726190486,0.033916697099098364
Baseline Features,ddaShimmer,0.1031253249074074,0.06705230654209741
Baseline Features,meanAutoCorrHarmonicity,0.9615082010582011,0.06405271189742556
Baseline Features,meanNoiseToHarmHarmonicity,0.0511313835978836,0.10451030653452392
Baseline Features,meanHarmToNoiseHarmonicity,18.859632275132274,5.572783354824129
Intensity Parameters,minIntensity,70.82860927228836,8.852407716434179
Intensity Parameters,maxIntensity,76.13537094056878,6.442186491603332
Intensity Parameters,meanIntensity,73.9970077720238,7.013363259466728
Formant Frequencies,f1,647.1745190084656,134.86862853962728
Formant Frequencies,f2,1233.8520877080687,168.97853288502935
Formant Frequencies,f3,2562.425251033069,393.0553822232577
Formant Frequencies,f4,3547.259243530423,347.6341538887765
Bandwidth Parameters,b1,213.3632365496164,306.7729517056941
Bandwidth Parameters,b2,297.1740772244709,449.8276870469904
Bandwidth Parameters,b3,536.8210698598544,753.8426485931988
Bandwidth Parameters,b4,506.60485554855825,657.8910606358071
Vocal Fold,GQ_prc5_95,0.9044226058201059,0.14772864266792
Vocal Fold,GQ_std_cycle_open,32.295832142857144,31.120143446304304
Vocal Fold,GQ_std_cycle_closed,4.4548403174603175,7.308218830440217
Vocal Fold,GNE_mean,1.0925027645502645,0.3505571063399692
Vocal Fold,GNE_std,0.21503798544973543,0.1324613574580754
Vocal Fold,GNE_SNR_TKEO,0.1448323015873016,0.06002479059450633
Vocal Fold,GNE_SNR_SEO,1567618.0410996033,333059.40659549396
Vocal Fold,GNE_NSR_TKEO,1.6392638888888889,0.06564874568294712
Vocal Fold,GNE_NSR_SEO,3.021510185185185,0.04758586129517675
Vocal Fold,VFER_mean,0.0017895215211640213,0.0026199560268902024
Vocal Fold,VFER_std,0.001499780912698413,0.002191238181424096
Vocal Fold,VFER_entropy,4.020686321428571,6.243763086817264
Vocal Fold,VFER_SNR_TKEO,102.78782281746034,128.2063628148425
Vocal Fold,VFER_SNR_SEO,246.16091772486772,276.71607071846336
Vocal Fold,VFER_NSR_TKEO,1.2305033994708994,0.07310748220021832
Vocal Fold,VFER_NSR_SEO,1.2662003968253968,0.08587491865080096
Vocal Fold,IMF_SNR_SEO,59.852390947089944,125.69558689604457
Vocal Fold,IMF_SNR_TKEO,2.1475745275132274,2.2939762934422
Vocal Fold,IMF_SNR_entropy,12.405694933862433,11.097681431445626
Vocal Fold,IMF_NSR_SEO,0.21046068650793648,0.06322575009267468
Vocal Fold,IMF_NSR_TKEO,12.162500264550266,9.983711307437956
Vocal Fold,IMF_NSR_entropy,0.18015987698412697,0.03308760843873707
MFCC,mean_Log_energy,9.832617724867726,0.5420622627000528
MFCC,mean_MFCC_0th_coef,14.938332275132275,2.2514642175482416
MFCC,mean_MFCC_1st_coef,6.294859589947088,1.6173645474393585
MFCC,mean_MFCC_2nd_coef,1.263836388941799,1.6643119059809426
MFCC,mean_MFCC_3rd_coef,0.1944285560846561,1.620314990540399
MFCC,mean_MFCC_4th_coef,-1.4260499426851851,1.2679119687717801
MFCC,mean_MFCC_5th_coef,-0.8044900112301587,1.0457255986199387
MFCC,mean_MFCC_6th_coef,-1.1844183444444443,0.841660329782373
MFCC,mean_MFCC_7th_coef,0.10661448835978837,0.81648608178189
MFCC,mean_MFCC_8th_coef,0.40520934166666667,0.8410715965062188
MFCC,mean_MFCC_9th_coef,0.09813846322751323,0.8211321984586938
MFCC,mean_MFCC_10th_coef,-0.6845745510846561,0.7403598545801089
MFCC,mean_MFCC_11th_coef,-0.3194368548941799,0.5960929867132566
MFCC,mean_MFCC_12th_coef,-0.10897960661375662,0.6229832793100326
MFCC,mean_delta_log_energy,-0.0013455865687830688,0.00551650690485685
MFCC,mean_0th_delta,-0.003914752023809524,0.013593249001130077
MFCC,mean_1st_delta,-0.0005971080291005291,0.005117449834532227
MFCC,mean_2nd_delta,0.001012143208994709,0.004978799931775847
MFCC,mean_3rd_delta,0.0004177411507936508,0.004075675133721088
MFCC,mean_4th_delta,0.00017474996031746032,0.003447414683168657
MFCC,mean_5th_delta,0.0002938305687830688,0.003550037610132625
MFCC,mean_6th_delta,0.0008240223941798943,0.003704677024882433
MFCC,mean_7th_delta,4.7287791005291015e-05,0.0028977717417803736
MFCC,mean_8th_delta,-0.00036603226190476195,0.002822035006114938
MFCC,mean_9th_delta,0.00038301732804232804,0.0027408219768382583
MFCC,mean_10th_delta,0.0001312912962962963,0.0026613947185919478
MFCC,mean_11th_delta,2.588283201058201e-05,0.002511029682895831
MFCC,mean_12th_delta,0.00016891056878306877,0.0023311029005861094
MFCC,mean_delta_delta_log_energy,-3.072059920634921e-05,0.00042971487189437044
MFCC,mean_delta_delta_0th,-9.784337301587304e-05,0.001227069741781897
MFCC,mean_1st_delta_delta,6.465589947089952e-06,0.000799348633273861
MFCC,mean_2nd_delta_delta,7.627685185185188e-06,0.0005492471065923469
MFCC,mean_3rd_delta_delta,1.767857142857176e-07,0.0005277130817745358
MFCC,mean_4th_delta_delta,3.6481097883597886e-05,0.0004584489002499572
MFCC,mean_5th_delta_delta,2.2050831613756618e-05,0.00042436029471063614
MFCC,mean_6th_delta_delta,2.711251587301588e-05,0.00044581650460054427
MFCC,mean_7th_delta_delta,3.3983730158730203e-06,0.00042592483585426807
MFCC,mean_8th_delta_delta,1.3355551587301587e-05,0.00035942615833169496
MFCC,mean_9th_delta_delta,1.6675625661375667e-05,0.00033914245833831447
MFCC,mean_10th_delta_delta,-7.46510925925926e-06,0.0003435686879420826
MFCC,mean_11th_delta_delta,7.825322751322752e-06,0.0003218442868333765
MFCC,mean_12th_delta_delta,-6.1413531746031755e-06,0.0002994032310454514
MFCC,std_Log_energy,0.28507103174603177,0.2928682658265538
MFCC,std_MFCC_0th_coef,0.8976771693121693,0.6080922443545087
MFCC,std_MFCC_1st_coef,0.5730893121693122,0.30652048777914154
MFCC,std_MFCC_2nd_coef,0.4658394444444445,0.1754085566589106
MFCC,std_MFCC_3rd_coef,0.4161872883597884,0.1595911275834634
MFCC,std_MFCC_4th_coef,0.3775841931216931,0.13485661228012402
MFCC,std_MFCC_5th_coef,0.35217035714285716,0.12942721882901698
MFCC,std_MFCC_6th_coef,0.3455082671957672,0.12102694967728413
MFCC,std_MFCC_7th_coef,0.30998825396825397,0.09378531727780455
MFCC,std_MFCC_8th_coef,0.2862433201058201,0.08324439738497408
MFCC,std_MFCC_9th_coef,0.27630603174603174,0.07755252333945332
MFCC,std_MFCC_10th_coef,0.2721332671957672,0.07569517494940961
MFCC,std_MFCC_11th_coef,0.2575584788359788,0.0716868666138246
MFCC,std_MFCC_12th_coef,0.2458603835978836,0.06643578447031528
MFCC,std_delta_log_energy,0.03751723452380953,0.029648523896867673
MFCC,std_0th_delta,0.10885329497354498,0.06026947209260854
MFCC,std_1st_delta,0.07283378571428571,0.037410210139606694
MFCC,std_2nd_delta,0.05966148544973545,0.022643099746283826
MFCC,std_3rd_delta,0.05447759523809524,0.022010428499050834
MFCC,std_4th_delta,0.050270933862433864,0.018430139173537006
MFCC,std_5th_delta,0.04573285052910053,0.01692932403276913
MFCC,std_6th_delta,0.04473626984126984,0.01476563092398257
MFCC,std_7th_delta,0.04154800396825397,0.013574921455480728
MFCC,std_8th_delta,0.038670423280423284,0.011392993145013085
MFCC,std_9th_delta,0.03719893121693122,0.011136132887277325
MFCC,std_10th_delta,0.03680469047619048,0.011440232095268565
MFCC,std_11th_delta,0.03454516666666667,0.009781650978426731
MFCC,std_12th_delta,0.03305601851851852,0.00944449673004253
MFCC,std_delta_delta_log_energy,0.013871830423280423,0.009232697112199057
MFCC,std_delta_delta_0th,0.04662763624338624,0.02197992570033585
MFCC,std_1st_delta_delta,0.035364328042328044,0.01865583689937811
MFCC,std_2nd_delta_delta,0.02756000264550264,0.010797038376871373
MFCC,std_3rd_delta_delta,0.025760669312169315,0.010545890938886025
MFCC,std_4th_delta_delta,0.023900121957671955,0.009060868577739268
MFCC,std_5th_delta_delta,0.02184229126984127,0.007921610733613292
MFCC,std_6th_delta_delta,0.02115237791005291,0.006770377617572394
MFCC,std_7th_delta_delta,0.019707589682539682,0.006108534805241862
MFCC,std_8th_delta_delta,0.018312348015873014,0.005122378220326257
MFCC,std_9th_delta_delta,0.01776672208994709,0.005120907473879332
MFCC,std_10th_delta_delta,0.017583791666666668,0.005244919714397246
MFCC,std_11th_delta_delta,0.016479778174603173,0.004400794876777761
MFCC,std_12th_delta_delta,0.01584310238095238,0.00428371557545508
Wavelet Features,Ea,99.92917328042329,0.3183928230382316
Wavelet Features,Ed_1_coef,0.0027255223911375657,0.026839126019554533
Wavelet Features,Ed_2_coef,0.0026948564894179895,0.024113635304829458
Wavelet Features,Ed_3_coef,0.0025003493148148146,0.020406662271979154
Wavelet Features,Ed_4_coef,0.004060682843915344,0.022329535194602117
Wavelet Features,Ed_5_coef,0.003766716812169312,0.023850397941161068
Wavelet Features,Ed_6_coef,0.0039872527195767195,0.01816184456229708
Wavelet Features,Ed_7_coef,0.0032351249153439155,0.017017050523416427
Wavelet Features,Ed_8_coef,0.013319355859788364,0.0712719140836701
Wavelet Features,Ed_9_coef,0.0035283084232804233,0.021429950479618216
Wavelet Features,Ed_10_coef,0.031007249751322748,0.15179778771569896
Wavelet Features,det_entropy_shannon_1_coef,-72656.51203079366,641877.6080975456
Wavelet Features,det_entropy_shannon_2_coef,-76930.8766968135,623801.508150221
Wavelet Features,det_entropy_shannon_3_coef,-83856.80139716402,673131.1885499222
Wavelet Features,det_entropy_shannon_4_coef,-141571.10667092595,736904.7189083793
Wavelet Features,det_entropy_shannon_5_coef,-130483.46906460317,689281.9200215739
Wavelet Features,det_entropy_shannon_6_coef,-167211.63540634923,833969.5005585565
Wavelet Features,det_entropy_shannon_7_coef,-151631.74503186508,1113274.1278310178
Wavelet Features,det_entropy_shannon_8_coef,-699312.0332113096,5203486.5637281975
Wavelet Features,det_entropy_shannon_9_coef,-113984.10698703837,537433.9852778611
Wavelet Features,det_entropy_shannon_10_coef,-1392096.6670079099,8484874.486399394
Wavelet Features,det_entropy_log_1_coef,-587.7970027777778,233.53036601277267
Wavelet Features,det_entropy_log_2_coef,-158.0070455026455,120.3612086123015
Wavelet Features,det_entropy_log_3_coef,-20.925653157407407,68.22306375176338
Wavelet Features,det_entropy_log_4_coef,30.69396354497355,47.31144274565051
Wavelet Features,det_entropy_log_5_coef,18.82426367063492,38.633532060288175
Wavelet Features,det_entropy_log_6_coef,8.895947873015873,34.46333591549388
Wavelet Features,det_entropy_log_7_coef,1.9932989312169316,34.79445291582151
Wavelet Features,det_entropy_log_8_coef,15.385038062169313,34.22501581511055
Wavelet Features,det_entropy_log_9_coef,12.22085683994709,36.2870330306845
Wavelet Features,det_entropy_log_10_coef,32.59187623941799,38.28305803704837
Wavelet Features,det_TKEO_mean_1_coef,68.62689387503968,553.9807955400768
Wavelet Features,det_TKEO_mean_2_coef,126.64664924814814,885.0418486402548
Wavelet Features,det_TKEO_mean_3_coef,248.29154267724866,1984.1378420088572
Wavelet Features,det_TKEO_mean_4_coef,564.8669889021163,2734.8165427072176
Wavelet Features,det_TKEO_mean_5_coef,583.5193165079365,2936.7403004322205
Wavelet Features,det_TKEO_mean_6_coef,843.1019433333332,3862.31796003593
Wavelet Features,det_TKEO_mean_7_coef,942.6334938399473,5669.067581025142
Wavelet Features,det_TKEO_mean_8_coef,4907.63160814418,34526.79692123675
Wavelet Features,det_TKEO_mean_9_coef,795.721831777778,3450.2655330617085
Wavelet Features,det_TKEO_mean_10_coef,9683.442420251322,55834.29006071624
Wavelet Features,det_TKEO_std_1_coef,264.3311465857407,1718.196579615508
Wavelet Features,det_TKEO_std_2_coef,379.4056170013228,2294.19890017624
Wavelet Features,det_TKEO_std_3_coef,526.4381346402116,2721.919063804605
Wavelet Features,det_TKEO_std_4_coef,1117.7722140873016,4838.9611386458555
Wavelet Features,det_TKEO_std_5_coef,1346.1727732142856,6710.1418380575915
Wavelet Features,det_TKEO_std_6_coef,2032.2679686904762,9276.707935743761
Wavelet Features,det_TKEO_std_7_coef,2041.0284184126986,13620.722373441
Wavelet Features,det_TKEO_std_8_coef,10423.578961402116,73671.73361156347
Wavelet Features,det_TKEO_std_9_coef,1650.7761766666665,7028.580869724317
Wavelet Features,det_TKEO_std_10_coef,19000.815638955028,113688.79918887085
Wavelet Features,app_entropy_shannon_1_coef,-80959809.49268518,54515512.66990707
Wavelet Features,app_entropy_shannon_2_coef,-97154189.88007936,64703499.18983296
Wavelet Features,app_entropy_shannon_3_coef,-128238448.56915344,84419169.6019221
Wavelet Features,app_entropy_shannon_4_coef,-185436683.71228835,120640593.7976088
Wavelet Features,app_entropy_shannon_5_coef,-300820060.8039021,193835066.71819738
Wavelet Features,app_entropy_shannon_6_coef,-537759705.054074,344026756.11052394
Wavelet Features,app_entropy_shannon_7_coef,-1060340868.4695767,675509229.2902602
Wavelet Features,app_entropy_shannon_8_coef,-2079214437.8043652,1319286719.3868604
Wavelet Features,app_entropy_shannon_9_coef,-4337054836.528836,2744165021.0917587
Wavelet Features,app_entropy_shannon_10_coef,-9029632763.215609,5699650695.2011175
Wavelet Features,app_entropy_log_1_coef,1176.883223148148,78.68368826921375
Wavelet Features,app_entropy_log_2_coef,707.4556636243386,43.04599502565501
Wavelet Features,app_entropy_log_3_coef,467.41542367724867,25.326526168144262
Wavelet Features,app_entropy_log_4_coef,338.2019533068783,15.997836554705154
Wavelet Features,app_entropy_log_5_coef,274.28016283068786,11.501445556253914
Wavelet Features,app_entropy_log_6_coef,245.0994470899471,9.478617178921988
Wavelet Features,app_entropy_log_7_coef,241.80046005291,8.87551706470024
Wavelet Features,app_entropy_log_8_coef,237.23574021164023,8.24890026605259
Wavelet Features,app_entropy_log_9_coef,247.63390753968255,8.247617292197441
Wavelet Features,app_entropy_log_10_coef,258.03754470899474,8.243810388914307
Wavelet Features,app_det_TKEO_mean_1_coef,1454.8711597883598,1401.7171684355133
Wavelet Features,app_det_TKEO_mean_2_coef,4848.55463531746,3458.8208974354434
Wavelet Features,app_det_TKEO_mean_3_coef,14970.196598677248,9393.154651816945
Wavelet Features,app_det_TKEO_mean_4_coef,42399.690873677246,25429.118060681827
Wavelet Features,app_det_TKEO_mean_5_coef,108903.8449334656,65148.12646095754
Wavelet Features,app_det_TKEO_mean_6_coef,254656.62120462963,151575.31573070472
Wavelet Features,app_det_TKEO_mean_7_coef,539202.8567687831,319354.1626753727
Wavelet Features,app_det_TKEO_mean_8_coef,1145423.4473030423,677113.6170722782
Wavelet Features,app_det_TKEO_mean_9_coef,2290897.5754474867,1353416.4891234166
Wavelet Features,app_det_TKEO_mean_10_coef,4575961.424343916,2704929.1710406463
Wavelet Features,app_TKEO_std_1_coef,10366.353800132276,8730.180874640713
Wavelet Features,app_TKEO_std_2_coef,26271.732506613756,18005.834290722116
Wavelet Features,app_TKEO_std_3_coef,65011.57598994709,42210.33051213509
Wavelet Features,app_TKEO_std_4_coef,151127.68054378306,89446.89049020314
Wavelet Features,app_TKEO_std_5_coef,338214.37528611114,201392.9761546696
Wavelet Features,app_TKEO_std_6_coef,724589.1347011905,432629.78575767105
Wavelet Features,app_TKEO_std_7_coef,1484332.9649415344,892238.6767297816
Wavelet Features,app_TKEO_std_8_coef,3031455.09891164,1794326.7627811509
Wavelet Features,app_TKEO_std_9_coef,6073892.77633201,3579620.995915389
Wavelet Features,app_TKEO_std_10_coef,12099556.09835979,7134889.146535457
Wavelet Features,Ea2,99.99647936507938,0.014859925249907919
Wavelet Features,Ed2_1_coef,6.73549687037037e-05,0.0004374030984740398
Wavelet Features,Ed2_2_coef,7.83786671957672e-05,0.0004474200649823392
Wavelet Features,Ed2_3_coef,9.869546719576721e-05,0.00052061883839645
Wavelet Features,Ed2_4_coef,0.00018250880555555556,0.0007638760493298406
Wavelet Features,Ed2_5_coef,0.00017377167592592593,0.0007826737870177477
Wavelet Features,Ed2_6_coef,0.00021320009986772485,0.0008941642104587391
Wavelet Features,Ed2_7_coef,0.0001799788138888889,0.0008930065561916626
Wavelet Features,Ed2_8_coef,0.0007555094444444444,0.0038242828887819404
Wavelet Features,Ed2_9_coef,0.00017422771517195768,0.000823893652830397
Wavelet Features,Ed2_10_coef,0.0016019813582010584,0.008753968599101415
Wavelet Features,det_LT_entropy_shannon_1_coef,0.28925316445767196,1.1956239937845947
Wavelet Features,det_LT_entropy_shannon_2_coef,0.3367433632671958,1.071920480592567
Wavelet Features,det_LT_entropy_shannon_3_coef,0.2959588182539683,1.2042014729405919
Wavelet Features,det_LT_entropy_shannon_4_coef,0.0816591167989418,2.39410716940915
Wavelet Features,det_LT_entropy_shannon_5_coef,-0.09208699537037036,4.201619128246981
Wavelet Features,det_LT_entropy_shannon_6_coef,-0.6080084388492063,6.521266749953866
Wavelet Features,det_LT_entropy_shannon_7_coef,-0.6260143099206349,10.128746824523347
Wavelet Features,det_LT_entropy_shannon_8_coef,-7.717106264153439,58.013496446887935
Wavelet Features,det_LT_entropy_shannon_9_coef,-0.3732871824867725,4.439744660423504
Wavelet Features,det_LT_entropy_shannon_10_coef,-19.233313464285715,149.6731715250972
Wavelet Features,det_LT_entropy_log_1_coef,-1689.5843054232805,236.33266504392165
Wavelet Features,det_LT_entropy_log_2_coef,-780.6551847883596,122.56178586871977
Wavelet Features,det_LT_entropy_log_3_coef,-408.90153148148147,71.3022172823074
Wavelet Features,det_LT_entropy_log_4_coef,-234.9038718253968,49.10711659509141
Wavelet Features,det_LT_entropy_log_5_coef,-185.56917817460317,39.67005841838938
Wavelet Features,det_LT_entropy_log_6_coef,-164.8966101851852,35.725013744700824
Wavelet Features,det_LT_entropy_log_7_coef,-161.49204576719575,36.109781986660835
Wavelet Features,det_LT_entropy_log_8_coef,-138.0798791005291,35.1093192393847
Wavelet Features,det_LT_entropy_log_9_coef,-141.25826891534393,37.2128033888367
Wavelet Features,det_LT_entropy_log_10_coef,-120.69381666666668,39.48506836102413
Wavelet Features,det_LT_TKEO_mean_1_coef,0.0022042183734126983,0.013658792598225881
Wavelet Features,det_LT_TKEO_mean_2_coef,0.00441527511904762,0.021839332017254652
Wavelet Features,det_LT_TKEO_mean_3_coef,0.010135851984126983,0.05394162351134238
Wavelet Features,det_LT_TKEO_mean_4_coef,0.02627174011904762,0.10260714145943736
Wavelet Features,det_LT_TKEO_mean_5_coef,0.029686201825396823,0.13846437076863252
Wavelet Features,det_LT_TKEO_mean_6_coef,0.04496475671957672,0.1994617815370935
Wavelet Features,det_LT_TKEO_mean_7_coef,0.048720328055555547,0.25472200576849136
Wavelet Features,det_LT_TKEO_mean_8_coef,0.2537153957671958,1.3698687568961865
Wavelet Features,det_LT_TKEO_mean_9_coef,0.04452597268518519,0.19719494085635078
Wavelet Features,det_LT_TKEO_mean_10_coef,0.5296779969973545,3.0949772918599368
Wavelet Features,det_LT_TKEO_std_1_coef,0.008568374974603174,0.042070923481929354
Wavelet Features,det_LT_TKEO_std_2_coef,0.01364181178174603,0.05923815114494244
Wavelet Features,det_LT_TKEO_std_3_coef,0.022967719325396825,0.08829128586985704
Wavelet Features,det_LT_TKEO_std_4_coef,0.05310831945767196,0.1865968381104169
Wavelet Features,det_LT_TKEO_std_5_coef,0.0677352360978836,0.2984669299625047
Wavelet Features,det_LT_TKEO_std_6_coef,0.1069056791931217,0.46865343125518627
Wavelet Features,det_LT_TKEO_std_7_coef,0.10292384626984127,0.5919760841346182
Wavelet Features,det_LT_TKEO_std_8_coef,0.5393705690079365,2.9455092835812415
Wavelet Features,det_LT_TKEO_std_9_coef,0.09457513156084658,0.42798030615023236
Wavelet Features,det_LT_TKEO_std_10_coef,1.027997688584656,6.211438605734199
Wavelet Features,app_LT_entropy_shannon_1_coef,-22509.212377248678,3166.608102744476
Wavelet Features,app_LT_entropy_shannon_2_coef,-29894.43705489418,4033.6171043051454
Wavelet Features,app_LT_entropy_shannon_3_coef,-42827.69158915344,5566.802835405664
Wavelet Features,app_LT_entropy_shannon_4_coef,-66285.95472698413,8341.299108696303
Wavelet Features,app_LT_entropy_shannon_5_coef,-113818.0923744709,13997.28441278501
Wavelet Features,app_LT_entropy_shannon_6_coef,-213606.2783063492,25917.838966151467
Wavelet Features,app_LT_entropy_shannon_7_coef,-439637.5855526455,52833.605313137654
Wavelet Features,app_LT_entropy_shannon_8_coef,-895238.5328580688,106744.66558216621
Wavelet Features,app_LT_entropy_shannon_9_coef,-1931097.8933928572,228572.42535361316
Wavelet Features,app_LT_entropy_shannon_10_coef,-4143374.954075397,487352.4396466231
Wavelet Features,app_LT_entropy_log_1_coef,425.62907764550266,22.13176700854256
Wavelet Features,app_LT_entropy_log_2_coef,282.7115777777778,12.755335501014779
Wavelet Features,app_LT_entropy_log_3_coef,202.51148068783067,7.562495477341604
Wavelet Features,app_LT_entropy_log_4_coef,156.68585582010581,4.472938648797374
Wavelet Features,app_LT_entropy_log_5_coef,134.48258664021165,2.8177537267376183
Wavelet Features,app_LT_entropy_log_6_coef,126.16441124338625,2.065916567208025
Wavelet Features,app_LT_entropy_log_7_coef,129.84259060846563,1.8868495967542265
Wavelet Features,app_LT_entropy_log_8_coef,132.19790052910054,1.6313493410079665
Wavelet Features,app_LT_entropy_log_9_coef,142.595157010582,1.631292968487927
Wavelet Features,app_LT_entropy_log_10_coef,152.99263055555556,1.631084547474717
Wavelet Features,app_LT_TKEO_mean_1_coef,0.9946729761904763,0.14591086553335414
Wavelet Features,app_LT_TKEO_mean_2_coef,3.502742724867725,0.45463028384254717
Wavelet Features,app_LT_TKEO_mean_3_coef,11.198119312169313,1.315632133103131
Wavelet Features,app_LT_TKEO_mean_4_coef,32.611814417989414,3.63603197425727
Wavelet Features,app_LT_TKEO_mean_5_coef,84.6188425925926,9.21128846642986
Wavelet Features,app_LT_TKEO_mean_6_coef,198.87380846560845,21.431692482111288
Wavelet Features,app_LT_TKEO_mean_7_coef,422.4105328042328,45.40538507071231
Wavelet Features,app_LT_TKEO_mean_8_coef,900.2929078042329,96.39580441137349
Wavelet Features,app_LT_TKEO_mean_9_coef,1800.6734645502647,192.74042145380454
Wavelet Features,app_LT_TKEO_mean_10_coef,3601.725731878307,385.08849448222054
Wavelet Features,app_LT_TKEO_std_1_coef,7.261524338624339,0.8627391861831044
Wavelet Features,app_LT_TKEO_std_2_coef,19.15316150793651,2.144015337478049
Wavelet Features,app_LT_TKEO_std_3_coef,48.1356914021164,5.251831651188572
Wavelet Features,app_LT_TKEO_std_4_coef,115.21364140211641,12.3335288909922
Wavelet Features,app_LT_TKEO_std_5_coef,260.5824474867724,28.029472743420637
Wavelet Features,app_LT_TKEO_std_6_coef,561.6878433862433,60.638051071697376
Wavelet Features,app_LT_TKEO_std_7_coef,1154.2696777777778,122.67039388311285
Wavelet Features,app_LT_TKEO_std_8_coef,2375.724712037037,255.26404674048172
Wavelet Features,app_LT_TKEO_std_9_coef,4755.825394708994,504.9198292796801
Wavelet Features,app_LT_TKEO_std_10_coef,9506.768361904762,1014.3195667974892
TQWT Features,tqwt_energy_dec_1,0.0005133022396825398,0.0028389588109045704
TQWT Features,tqwt_energy_dec_2,0.0005277680834656085,0.0027226995384869576
TQWT Features,tqwt_energy_dec_3,0.0007584162402116402,0.0037146198857899645
TQWT Features,tqwt_energy_dec_4,0.0009931822666666666,0.004107367906250732
TQWT Features,tqwt_energy_dec_5,0.001068640756084656,0.004455168946418354
TQWT Features,tqwt_energy_dec_6,0.0008582474427248678,0.003737284122197696
TQWT Features,tqwt_energy_dec_7,0.0008581346957671959,0.0024585751198187614
TQWT Features,tqwt_energy_dec_8,0.0014181883068783065,0.0033966311071910852
TQWT Features,tqwt_energy_dec_9,0.002001334365079365,0.004209151879382125
TQWT Features,tqwt_energy_dec_10,0.002190864298941799,0.006742236719305212
TQWT Features,tqwt_energy_dec_11,0.00216299623015873,0.006068182061647606
TQWT Features,tqwt_energy_dec_12,0.005960120052910052,0.01213427743608661
TQWT Features,tqwt_energy_dec_13,0.01934424386243386,0.028922366744154424
TQWT Features,tqwt_energy_dec_14,0.03790510240740741,0.04046769106420003
TQWT Features,tqwt_energy_dec_15,0.053815768664021164,0.05171787531974264
TQWT Features,tqwt_energy_dec_16,0.08179474677248677,0.07371108085916368
TQWT Features,tqwt_energy_dec_17,0.12054678847883597,0.08209340489470059
TQWT Features,tqwt_energy_dec_18,0.12733851296296295,0.08834879454221252
TQWT Features,tqwt_energy_dec_19,0.08449576521164022,0.07302082195826948
TQWT Features,tqwt_energy_dec_20,0.04851935714285714,0.04495568611585778
TQWT Features,tqwt_energy_dec_21,0.03778095082010582,0.04050619611160258
TQWT Features,tqwt_energy_dec_22,0.035508317910052906,0.0426635236888934
TQWT Features,tqwt_energy_dec_23,0.04772491760582011,0.06117561377550422
TQWT Features,tqwt_energy_dec_24,0.07383435439153439,0.0903211688861053
TQWT Features,tqwt_energy_dec_25,0.0793499190515873,0.09203602369131142
TQWT Features,tqwt_energy_dec_26,0.061251415850529095,0.08382191373557345
TQWT Features,tqwt_energy_dec_27,0.04240668544312169,0.08820969827490935
TQWT Features,tqwt_energy_dec_28,0.01857053483994709,0.0519834447803416
TQWT Features,tqwt_energy_dec_29,0.00479660549074074,0.028657682181247944
TQWT Features,tqwt_energy_dec_30,0.0009243963835978837,0.005113556358001936
TQWT Features,tqwt_energy_dec_31,0.0008216863531746032,0.003874831080240444
TQWT Features,tqwt_energy_dec_32,0.0009745202883597883,0.006995664941930482
TQWT Features,tqwt_energy_dec_33,0.0008776970158730159,0.007904334901385396
TQWT Features,tqwt_energy_dec_34,0.000402659037037037,0.003164792132918219
TQWT Features,tqwt_energy_dec_35,0.00025347926653439154,0.0018139728565573121
TQWT Features,tqwt_energy_dec_36,0.0014502334854497355,0.007975229109128769
TQWT Features,tqwt_entropy_shannon_dec_1,5.459927128465609,11.2843270159724
TQWT Features,tqwt_entropy_shannon_dec_2,6.15214157265873,13.500906223248153
TQWT Features,tqwt_entropy_shannon_dec_3,8.777005723439153,20.07427537651609
TQWT Features,tqwt_entropy_shannon_dec_4,12.643688602486773,32.00383035510031
TQWT Features,tqwt_entropy_shannon_dec_5,16.78025532628307,45.779358616758024
TQWT Features,tqwt_entropy_shannon_dec_6,16.550796227843918,43.43736119778547
TQWT Features,tqwt_entropy_shannon_dec_7,20.722838098637563,43.43287263668969
TQWT Features,tqwt_entropy_shannon_dec_8,32.709656517817464,59.12681186613603
TQWT Features,tqwt_entropy_shannon_dec_9,41.94545812962963,56.18070300285009
TQWT Features,tqwt_entropy_shannon_dec_10,41.96320154576719,62.50777099537468
TQWT Features,tqwt_entropy_shannon_dec_11,41.050714966269844,78.11798788090923
TQWT Features,tqwt_entropy_shannon_dec_12,101.12563983306879,209.4536853367737
TQWT Features,tqwt_entropy_shannon_dec_13,258.9751831031746,378.3756472721998
TQWT Features,tqwt_entropy_shannon_dec_14,420.9166054497354,454.8765514394546
TQWT Features,tqwt_entropy_shannon_dec_15,503.29495379629634,475.21018226032226
TQWT Features,tqwt_entropy_shannon_dec_16,602.7512862698413,522.8802392180125
TQWT Features,tqwt_entropy_shannon_dec_17,682.7747991402116,501.6333442955353
TQWT Features,tqwt_entropy_shannon_dec_18,593.8031345767197,419.15036882471895
TQWT Features,tqwt_entropy_shannon_dec_19,428.37866697619046,325.54595502060636
TQWT Features,tqwt_entropy_shannon_dec_20,298.3988806481481,217.4392388260956
TQWT Features,tqwt_entropy_shannon_dec_21,235.8358453571429,191.95411420234322
TQWT Features,tqwt_entropy_shannon_dec_22,211.26911902116404,161.4167723028332
TQWT Features,tqwt_entropy_shannon_dec_23,196.05775943121694,168.75862565821933
TQWT Features,tqwt_entropy_shannon_dec_24,155.24406956349208,335.804533318703
TQWT Features,tqwt_entropy_shannon_dec_25,90.3514680383598,371.4345537556057
TQWT Features,tqwt_entropy_shannon_dec_26,42.65079274603174,386.96163434245966
TQWT Features,tqwt_entropy_shannon_dec_27,-47.66418937962963,736.9305412488675
TQWT Features,tqwt_entropy_shannon_dec_28,-6.0477228240740715,297.31592798412044
TQWT Features,tqwt_entropy_shannon_dec_29,-11.458492055291002,353.85368081377663
TQWT Features,tqwt_entropy_shannon_dec_30,3.718207943253968,20.001454238614443
TQWT Features,tqwt_entropy_shannon_dec_31,4.328941185978837,9.859993237509022
TQWT Features,tqwt_entropy_shannon_dec_32,2.4212195378306878,43.17883602343055
TQWT Features,tqwt_entropy_shannon_dec_33,1.4856537825396825,31.37610833636451
TQWT Features,tqwt_entropy_shannon_dec_34,1.9151564658068783,5.740454634384684
TQWT Features,tqwt_entropy_shannon_dec_35,1.5575902418915344,4.255310554369911
TQWT Features,tqwt_entropy_shannon_dec_36,5.140285141481481,12.447931090882754
TQWT Features,tqwt_entropy_log_dec_1,-1854325.7732497354,280569.51481145347
TQWT Features,tqwt_entropy_log_dec_2,-1543459.3207202381,262689.13753137307
TQWT Features,tqwt_entropy_log_dec_3,-1246305.2735068782,233095.2656775882
TQWT Features,tqwt_entropy_log_dec_4,-1007749.2673384921,206720.88412224996
TQWT Features,tqwt_entropy_log_dec_5,-816580.1685522486,181699.5747080881
TQWT Features,tqwt_entropy_log_dec_6,-651848.4251775133,141454.593436606
TQWT Features,tqwt_entropy_log_dec_7,-508730.51331560843,101826.8846117013
TQWT Features,tqwt_entropy_log_dec_8,-395772.3831719576,78699.77958430113
TQWT Features,tqwt_entropy_log_dec_9,-311401.3147320106,63202.098595895135
TQWT Features,tqwt_entropy_log_dec_10,-254167.23299338625,52744.558195693055
TQWT Features,tqwt_entropy_log_dec_11,-212441.40912486776,44937.24902575619
TQWT Features,tqwt_entropy_log_dec_12,-158528.1394095238,41245.990298862576
TQWT Features,tqwt_entropy_log_dec_13,-107084.10453227513,32795.42405395987
TQWT Features,tqwt_entropy_log_dec_14,-76343.11064312169,25651.80720243254
TQWT Features,tqwt_entropy_log_dec_15,-58082.50793743386,21322.366336868683
TQWT Features,tqwt_entropy_log_dec_16,-43337.09181587301,18130.71249900368
TQWT Features,tqwt_entropy_log_dec_17,-31120.026366666665,14457.16023345942
TQWT Features,tqwt_entropy_log_dec_18,-24341.752237962963,11378.544911707111
TQWT Features,tqwt_entropy_log_dec_19,-21517.09963941799,8595.882035642162
TQWT Features,tqwt_entropy_log_dec_20,-19059.96138227513,6618.18241988418
TQWT Features,tqwt_entropy_log_dec_21,-16195.209541005292,5696.498979924712
TQWT Features,tqwt_entropy_log_dec_22,-13029.696600661377,4684.851476856569
TQWT Features,tqwt_entropy_log_dec_23,-10245.867331084655,4126.065769681126
TQWT Features,tqwt_entropy_log_dec_24,-7674.441461375662,3832.3315834629684
TQWT Features,tqwt_entropy_log_dec_25,-6518.949068121693,4285.340588687699
TQWT Features,tqwt_entropy_log_dec_26,-6734.555134880951,4591.989216477126
TQWT Features,tqwt_entropy_log_dec_27,-7385.743838492062,4028.5877633051728
TQWT Features,tqwt_entropy_log_dec_28,-7518.71056441799,3023.8979260604433
TQWT Features,tqwt_entropy_log_dec_29,-6940.966860978837,1907.1218677598708
TQWT Features,tqwt_entropy_log_dec_30,-5951.439079497354,1414.2173216957444
TQWT Features,tqwt_entropy_log_dec_31,-4861.804704232804,1219.838476264079
TQWT Features,tqwt_entropy_log_dec_32,-4038.896578968254,1065.0152502975309
TQWT Features,tqwt_entropy_log_dec_33,-3539.5703775132274,895.2404730798908
TQWT Features,tqwt_entropy_log_dec_34,-3153.1690604497358,818.9442461705388
TQWT Features,tqwt_entropy_log_dec_35,-2677.406640873016,732.2388675058411
TQWT Features,tqwt_entropy_log_dec_36,-2553.876649074074,883.5359966893584
TQWT Features,tqwt_TKEO_mean_dec_1,7.315906225132275e-06,1.8668983630764586e-05
TQWT Features,tqwt_TKEO_mean_dec_2,1.106227530978836e-05,2.8994148277621376e-05
TQWT Features,tqwt_TKEO_mean_dec_3,2.033866653320106e-05,5.8514189816691305e-05
TQWT Features,tqwt_TKEO_mean_dec_4,3.85274771568783e-05,0.00014654957675657194
TQWT Features,tqwt_TKEO_mean_dec_5,7.697982702486772e-05,0.0003378749569512108
TQWT Features,tqwt_TKEO_mean_dec_6,8.607129076534391e-05,0.00044312684577950265
TQWT Features,tqwt_TKEO_mean_dec_7,0.00010898089518915344,0.0003186252921140128
TQWT Features,tqwt_TKEO_mean_dec_8,0.0002458540026587301,0.0006908452053342529
TQWT Features,tqwt_TKEO_mean_dec_9,0.0003979655777380953,0.0006314510883722714
TQWT Features,tqwt_TKEO_mean_dec_10,0.0005151115187830688,0.0009351182289493925
TQWT Features,tqwt_TKEO_mean_dec_11,0.0005199276661375661,0.0013208505055883365
TQWT Features,tqwt_TKEO_mean_dec_12,0.0016988410201058204,0.005306624122884171
TQWT Features,tqwt_TKEO_mean_dec_13,0.008783008354497353,0.025440626838653384
TQWT Features,tqwt_TKEO_mean_dec_14,0.02222788195767196,0.037695910800755954
TQWT Features,tqwt_TKEO_mean_dec_15,0.03581888099206349,0.05039321134859039
TQWT Features,tqwt_TKEO_mean_dec_16,0.06532549488095238,0.09369829950658526
TQWT Features,tqwt_TKEO_mean_dec_17,0.12361775013227512,0.15986141332503107
TQWT Features,tqwt_TKEO_mean_dec_18,0.16078343507936507,0.21867258446346224
TQWT Features,tqwt_TKEO_mean_dec_19,0.11235057871693122,0.1789045737435562
TQWT Features,tqwt_TKEO_mean_dec_20,0.06477615478835978,0.09891927161797022
TQWT Features,tqwt_TKEO_mean_dec_21,0.06444248993386244,0.12210453696828331
TQWT Features,tqwt_TKEO_mean_dec_22,0.0663468367989418,0.11405884005410827
TQWT Features,tqwt_TKEO_mean_dec_23,0.09148125892857142,0.1832853910972846
TQWT Features,tqwt_TKEO_mean_dec_24,0.20646767678571426,0.4196878855149834
TQWT Features,tqwt_TKEO_mean_dec_25,0.3211890416666667,0.5989135793578624
TQWT Features,tqwt_TKEO_mean_dec_26,0.2886132114417989,0.5851009204115128
TQWT Features,tqwt_TKEO_mean_dec_27,0.23571621816137567,0.9082730785696531
TQWT Features,tqwt_TKEO_mean_dec_28,0.09767080317460317,0.4684356461166192
TQWT Features,tqwt_TKEO_mean_dec_29,0.045460815211640214,0.5259705347374476
TQWT Features,tqwt_TKEO_mean_dec_30,0.007593880136243386,0.0746816031449454
TQWT Features,tqwt_TKEO_mean_dec_31,0.0061067949166666675,0.03297022922346896
TQWT Features,tqwt_TKEO_mean_dec_32,0.01021777564814815,0.13246881584415707
TQWT Features,tqwt_TKEO_mean_dec_33,0.010144752652116402,0.13329466086245984
TQWT Features,tqwt_TKEO_mean_dec_34,0.004274065232804232,0.021899996708768604
TQWT Features,tqwt_TKEO_mean_dec_35,0.0038965131335978835,0.017299359900880967
TQWT Features,tqwt_TKEO_mean_dec_36,0.016775871355820107,0.05792174533527205
TQWT Features,tqwt_TKEO_std_dec_1,3.0743380151984124e-05,5.550674282706653e-05
TQWT Features,tqwt_TKEO_std_dec_2,3.0587923999074076e-05,8.197842395395611e-05
TQWT Features,tqwt_TKEO_std_dec_3,5.391078304854498e-05,0.0001766588928686362
TQWT Features,tqwt_TKEO_std_dec_4,9.896091772605821e-05,0.00044246130057792003
TQWT Features,tqwt_TKEO_std_dec_5,0.00019120768123386244,0.0010409090382558388
TQWT Features,tqwt_TKEO_std_dec_6,0.000210850971934127,0.0014372704177261302
TQWT Features,tqwt_TKEO_std_dec_7,0.00019666050469444444,0.0005590929427700889
TQWT Features,tqwt_TKEO_std_dec_8,0.00039934776529100525,0.0010328390216588746
TQWT Features,tqwt_TKEO_std_dec_9,0.0006350967784391534,0.0010158949503059084
TQWT Features,tqwt_TKEO_std_dec_10,0.0007351949185185186,0.0013095967388177584
TQWT Features,tqwt_TKEO_std_dec_11,0.0007995430502645503,0.001791708473478364
TQWT Features,tqwt_TKEO_std_dec_12,0.0018144429907407406,0.004103130933125615
TQWT Features,tqwt_TKEO_std_dec_13,0.007393367375661375,0.015776687051480193
TQWT Features,tqwt_TKEO_std_dec_14,0.019751154142857143,0.029377977969041597
TQWT Features,tqwt_TKEO_std_dec_15,0.03394918092592593,0.04213510923475355
TQWT Features,tqwt_TKEO_std_dec_16,0.05200940928571428,0.06089571063505127
TQWT Features,tqwt_TKEO_std_dec_17,0.08519404134920636,0.09926296563262531
TQWT Features,tqwt_TKEO_std_dec_18,0.10392498654761904,0.11662550708443109
TQWT Features,tqwt_TKEO_std_dec_19,0.07740869476190476,0.09670816352307865
TQWT Features,tqwt_TKEO_std_dec_20,0.04769186215608466,0.07703834137022904
TQWT Features,tqwt_TKEO_std_dec_21,0.03649821925925926,0.05801229658446954
TQWT Features,tqwt_TKEO_std_dec_22,0.03478549349206349,0.05466831437723934
TQWT Features,tqwt_TKEO_std_dec_23,0.04940179248677249,0.10965783239764687
TQWT Features,tqwt_TKEO_std_dec_24,0.08987104084656085,0.18160221789342454
TQWT Features,tqwt_TKEO_std_dec_25,0.12408174144179895,0.23071770194387065
TQWT Features,tqwt_TKEO_std_dec_26,0.11151709041005291,0.22260392586470756
TQWT Features,tqwt_TKEO_std_dec_27,0.08512232002645503,0.30876023692722704
TQWT Features,tqwt_TKEO_std_dec_28,0.046238575568783066,0.23349245996340753
TQWT Features,tqwt_TKEO_std_dec_29,0.019965010833333335,0.1578761828704851
TQWT Features,tqwt_TKEO_std_dec_30,0.00782666468121693,0.05891839604024596
TQWT Features,tqwt_TKEO_std_dec_31,0.00782674029100529,0.03717934763548767
TQWT Features,tqwt_TKEO_std_dec_32,0.011044465555555555,0.12140243563274068
TQWT Features,tqwt_TKEO_std_dec_33,0.009236063984126986,0.09489427903533332
TQWT Features,tqwt_TKEO_std_dec_34,0.006041161735449736,0.027370886627049732
TQWT Features,tqwt_TKEO_std_dec_35,0.006040858067460317,0.024712311917568452
TQWT Features,tqwt_TKEO_std_dec_36,0.031231426989417988,0.12455523294306012
TQWT Features,tqwt_medianValue_dec_1,8.206734126983491e-08,3.0056396755016964e-06
TQWT Features,tqwt_medianValue_dec_2,1.6233653306876519e-07,3.3292141635372515e-06
TQWT Features,tqwt_medianValue_dec_3,-6.295284391526149e-08,3.862321113158853e-06
TQWT Features,tqwt_medianValue_dec_4,-2.1215001719576786e-07,7.271014764885207e-06
TQWT Features,tqwt_medianValue_dec_5,-7.141018518517882e-08,9.112623312158856e-06
TQWT Features,tqwt_medianValue_dec_6,6.219598015870315e-07,1.4465967552587869e-05
TQWT Features,tqwt_medianValue_dec_7,7.387975132275132e-07,2.3205195298799518e-05
TQWT Features,tqwt_medianValue_dec_8,-6.953105820105664e-07,2.3929983124050086e-05
TQWT Features,tqwt_medianValue_dec_9,2.062633597883581e-06,5.903767125790434e-05
TQWT Features,tqwt_medianValue_dec_10,-7.731374338624459e-07,7.986500605349605e-05
TQWT Features,tqwt_medianValue_dec_11,3.039095066137645e-06,0.0001073464785803334
TQWT Features,tqwt_medianValue_dec_12,-2.585666719577086e-06,7.39285761272925e-05
TQWT Features,tqwt_medianValue_dec_13,3.864982936506857e-06,0.00019028135829054279
TQWT Features,tqwt_medianValue_dec_14,1.1016152843915373e-05,0.0010698262797093567
TQWT Features,tqwt_medianValue_dec_15,-5.1225134920634904e-05,0.0018205528673179202
TQWT Features,tqwt_medianValue_dec_16,2.2316785714285807e-05,0.0007715410555310451
TQWT Features,tqwt_medianValue_dec_17,0.00010759021164021175,0.0010418892846563407
TQWT Features,tqwt_medianValue_dec_18,-5.114845238095049e-05,0.0012428176081102785
TQWT Features,tqwt_medianValue_dec_19,-0.0001673657777777778,0.00399399676142813
TQWT Features,tqwt_medianValue_dec_20,7.46471428571428e-05,0.0012020962927797641
TQWT Features,tqwt_medianValue_dec_21,-2.4286097883597106e-05,0.001203737432245342
TQWT Features,tqwt_medianValue_dec_22,-0.00010981604497354555,0.00143433673923458
TQWT Features,tqwt_medianValue_dec_23,5.656660052910386e-05,0.0021126948318526094
TQWT Features,tqwt_medianValue_dec_24,-0.00012708949735449728,0.003163679242288695
TQWT Features,tqwt_medianValue_dec_25,0.0003508339497354501,0.004156383255154947
TQWT Features,tqwt_medianValue_dec_26,-4.240377805555602e-05,0.0034459405056876816
TQWT Features,tqwt_medianValue_dec_27,0.00021593599735449727,0.010578282159778223
TQWT Features,tqwt_medianValue_dec_28,-0.000522932869047619,0.012977033549857778
TQWT Features,tqwt_medianValue_dec_29,-0.0002589145171957672,0.006887114816584057
TQWT Features,tqwt_medianValue_dec_30,3.6789218783068786e-05,0.0017717852640294859
TQWT Features,tqwt_medianValue_dec_31,5.720321560846562e-05,0.0019046018872258986
TQWT Features,tqwt_medianValue_dec_32,-2.1321785714285427e-06,0.0024287798031944895
TQWT Features,tqwt_medianValue_dec_33,1.504070105820106e-05,0.0021050265610823866
TQWT Features,tqwt_medianValue_dec_34,6.661572751322768e-06,0.001878163638604657
TQWT Features,tqwt_medianValue_dec_35,6.544228174603177e-05,0.0020827066374036725
TQWT Features,tqwt_medianValue_dec_36,-0.005152842724867725,0.008092597363562673
TQWT Features,tqwt_meanValue_dec_1,-4.2182126984126986e-22,6.464931277576753e-21
TQWT Features,tqwt_meanValue_dec_2,-1.481929100529109e-23,5.7300328271133586e-21
TQWT Features,tqwt_meanValue_dec_3,-9.325842989417985e-23,7.042140988804964e-21
TQWT Features,tqwt_meanValue_dec_4,1.5560647751322748e-22,8.7043154159717e-21
TQWT Features,tqwt_meanValue_dec_5,3.5465142857142852e-22,9.289729135307487e-21
TQWT Features,tqwt_meanValue_dec_6,3.591872619047619e-22,1.4017921001772846e-20
TQWT Features,tqwt_meanValue_dec_7,-1.6018550132275134e-21,2.7021041122407922e-20
TQWT Features,tqwt_meanValue_dec_8,1.0271164021164006e-22,2.8620442949766576e-20
TQWT Features,tqwt_meanValue_dec_9,3.6748412698412707e-22,3.5722720897361754e-20
TQWT Features,tqwt_meanValue_dec_10,2.217592592592583e-23,3.900661751071237e-20
TQWT Features,tqwt_meanValue_dec_11,1.048903835978836e-21,8.342036529895889e-20
TQWT Features,tqwt_meanValue_dec_12,2.1613902116402123e-21,1.3666963245179152e-19
TQWT Features,tqwt_meanValue_dec_13,-2.7008365079365095e-21,2.3871798837106402e-19
TQWT Features,tqwt_meanValue_dec_14,2.8414788359788376e-21,4.359231848013449e-19
TQWT Features,tqwt_meanValue_dec_15,3.1069947089947075e-21,7.052942219791988e-19
TQWT Features,tqwt_meanValue_dec_16,2.068286243386243e-20,3.781512394211277e-19
TQWT Features,tqwt_meanValue_dec_17,2.3494179894179885e-21,4.167234095189523e-19
TQWT Features,tqwt_meanValue_dec_18,-7.433219576719578e-20,1.2318925692472568e-18
TQWT Features,tqwt_meanValue_dec_19,-5.958773809523809e-20,1.5931370433488307e-18
TQWT Features,tqwt_meanValue_dec_20,4.275846560846561e-21,3.8734564903097223e-19
TQWT Features,tqwt_meanValue_dec_21,-7.88221296296296e-21,1.0867367406666728e-18
TQWT Features,tqwt_meanValue_dec_22,6.9674603174603295e-22,1.266997773753173e-18
TQWT Features,tqwt_meanValue_dec_23,-9.884867724867721e-21,1.748867430266043e-18
TQWT Features,tqwt_meanValue_dec_24,-1.9359784391534394e-20,9.430655724946566e-19
TQWT Features,tqwt_meanValue_dec_25,-4.4107791005291006e-20,1.0043320562336818e-18
TQWT Features,tqwt_meanValue_dec_26,-5.366214285714287e-20,1.890949829470289e-18
TQWT Features,tqwt_meanValue_dec_27,7.63140873015873e-20,2.4160361831909017e-18
TQWT Features,tqwt_meanValue_dec_28,-5.939166666666666e-20,2.262321761299398e-18
TQWT Features,tqwt_meanValue_dec_29,1.3848108465608434e-21,9.293269385665159e-19
TQWT Features,tqwt_meanValue_dec_30,6.491796296296299e-21,4.936649614793823e-19
TQWT Features,tqwt_meanValue_dec_31,-1.170695767195767e-20,4.9063489844617045e-19
TQWT Features,tqwt_meanValue_dec_32,-1.680960846560847e-20,9.861953125884355e-19
TQWT Features,tqwt_meanValue_dec_33,-5.3081018518518513e-20,1.4793523025608935e-18
TQWT Features,tqwt_meanValue_dec_34,-4.792043121693122e-20,5.406191922752176e-19
TQWT Features,tqwt_meanValue_dec_35,-7.825589947089948e-21,5.204145217468003e-19
TQWT Features,tqwt_meanValue_dec_36,-0.005193314984126984,0.007674545774457312
TQWT Features,tqwt_stdValue_dec_1,0.0015938745634920635,0.0015453170766694577
TQWT Features,tqwt_stdValue_dec_2,0.0018165864285714286,0.0019262775400968805
TQWT Features,tqwt_stdValue_dec_3,0.002451185568783069,0.002642418796947495
TQWT Features,tqwt_stdValue_dec_4,0.0032843617592592596,0.0037795787780630185
TQWT Features,tqwt_stdValue_dec_5,0.0041790450925925935,0.005223749322097733
TQWT Features,tqwt_stdValue_dec_6,0.004737826243386244,0.005441279972971089
TQWT Features,tqwt_stdValue_dec_7,0.00613227716931217,0.0059891125152204995
TQWT Features,tqwt_stdValue_dec_8,0.008977353822751324,0.008417973662788469
TQWT Features,tqwt_stdValue_dec_9,0.011831580198412697,0.00997705496723454
TQWT Features,tqwt_stdValue_dec_10,0.012938840502645503,0.011417269377137326
TQWT Features,tqwt_stdValue_dec_11,0.013483659761904762,0.014056695356210711
TQWT Features,tqwt_stdValue_dec_12,0.024785813955026458,0.0292166571892299
TQWT Features,tqwt_stdValue_dec_13,0.054692630396825405,0.054257060033059176
TQWT Features,tqwt_stdValue_dec_14,0.0905563419047619,0.07379260848586502
TQWT Features,tqwt_stdValue_dec_15,0.12033521197089947,0.09134904123067443
TQWT Features,tqwt_stdValue_dec_16,0.16329404616402118,0.12327285044357762
TQWT Features,tqwt_stdValue_dec_17,0.22410024563492065,0.1542700457817359
TQWT Features,tqwt_stdValue_dec_18,0.2471559628306878,0.17035487333591415
TQWT Features,tqwt_stdValue_dec_19,0.20718812738095238,0.146603390132545
TQWT Features,tqwt_stdValue_dec_20,0.16610013095238094,0.10820641663500005
TQWT Features,tqwt_stdValue_dec_21,0.15730772037037036,0.11448880017307246
TQWT Features,tqwt_stdValue_dec_22,0.165248316005291,0.11616894176160232
TQWT Features,tqwt_stdValue_dec_23,0.19601899854497354,0.15163391428800352
TQWT Features,tqwt_stdValue_dec_24,0.26811996746031747,0.23440301849891299
TQWT Features,tqwt_stdValue_dec_25,0.3139304267195767,0.291446563784827
TQWT Features,tqwt_stdValue_dec_26,0.2747683465608466,0.30541854193781054
TQWT Features,tqwt_stdValue_dec_27,0.18373743544973545,0.3088493597068738
TQWT Features,tqwt_stdValue_dec_28,0.10108922371693121,0.220745448584735
TQWT Features,tqwt_stdValue_dec_29,0.04819586629629629,0.1491209370219231
TQWT Features,tqwt_stdValue_dec_30,0.030938885039682538,0.0678836374816168
TQWT Features,tqwt_stdValue_dec_31,0.03250316015873016,0.052684844905920916
TQWT Features,tqwt_stdValue_dec_32,0.03421472624338624,0.06915928824208725
TQWT Features,tqwt_stdValue_dec_33,0.029270373386243387,0.06888902128139796
TQWT Features,tqwt_stdValue_dec_34,0.02457490880952381,0.04548844404548317
TQWT Features,tqwt_stdValue_dec_35,0.024332985238095236,0.0421282985901766
TQWT Features,tqwt_stdValue_dec_36,0.05788359574074074,0.09213412865424839
TQWT Features,tqwt_minValue_dec_1,-0.04137530501322752,0.037079781996320324
TQWT Features,tqwt_minValue_dec_2,-0.024989142513227515,0.02202364344490158
TQWT Features,tqwt_minValue_dec_3,-0.02935753784391534,0.026324883894126353
TQWT Features,tqwt_minValue_dec_4,-0.03498947567460318,0.033010093643495775
TQWT Features,tqwt_minValue_dec_5,-0.042230353981481485,0.043356752522463404
TQWT Features,tqwt_minValue_dec_6,-0.044060300502645505,0.0469773330116769
TQWT Features,tqwt_minValue_dec_7,-0.04718732743386244,0.03824604410573445
TQWT Features,tqwt_minValue_dec_8,-0.059330860753968255,0.046507865341348424
TQWT Features,tqwt_minValue_dec_9,-0.07054334109788359,0.05386739253842949
TQWT Features,tqwt_minValue_dec_10,-0.07475819993386244,0.05820826598619506
TQWT Features,tqwt_minValue_dec_11,-0.07986161789682539,0.0662823200963848
TQWT Features,tqwt_minValue_dec_12,-0.11276742535714285,0.09536732832399529
TQWT Features,tqwt_minValue_dec_13,-0.19399989444444446,0.157309469191426
TQWT Features,tqwt_minValue_dec_14,-0.30263344153439153,0.21578918250892185
TQWT Features,tqwt_minValue_dec_15,-0.386523518915344,0.25998239749634405
TQWT Features,tqwt_minValue_dec_16,-0.48007165423280423,0.3123491816485108
TQWT Features,tqwt_minValue_dec_17,-0.5999219981481482,0.3623152835010891
TQWT Features,tqwt_minValue_dec_18,-0.6461898174603175,0.3854637160546911
TQWT Features,tqwt_minValue_dec_19,-0.5411560907407407,0.3416636059084238
TQWT Features,tqwt_minValue_dec_20,-0.4292802498677249,0.268359555899042
TQWT Features,tqwt_minValue_dec_21,-0.3858030978835979,0.24740994879252043
TQWT Features,tqwt_minValue_dec_22,-0.39557842460317455,0.2549181663667564
TQWT Features,tqwt_minValue_dec_23,-0.4614690436507936,0.3379638851601481
TQWT Features,tqwt_minValue_dec_24,-0.5822695727513227,0.4668457315269947
TQWT Features,tqwt_minValue_dec_25,-0.6537715833333333,0.5497104924639201
TQWT Features,tqwt_minValue_dec_26,-0.5937428996031746,0.5775180743493621
TQWT Features,tqwt_minValue_dec_27,-0.42629975,0.5769156339627826
TQWT Features,tqwt_minValue_dec_28,-0.27455074484126984,0.44482784498729083
TQWT Features,tqwt_minValue_dec_29,-0.1723298812169312,0.30309460461906435
TQWT Features,tqwt_minValue_dec_30,-0.13782468478835977,0.19400253916211588
TQWT Features,tqwt_minValue_dec_31,-0.12356232063492065,0.1632422906884691
TQWT Features,tqwt_minValue_dec_32,-0.11963938835978835,0.19011108256008438
TQWT Features,tqwt_minValue_dec_33,-0.10464148478835979,0.1745625374112767
TQWT Features,tqwt_minValue_dec_34,-0.09334561526455025,0.14683140493001673
TQWT Features,tqwt_minValue_dec_35,-0.09142162133597884,0.14731414036535265
TQWT Features,tqwt_minValue_dec_36,-0.229215052473545,0.36972382235670126
TQWT Features,tqwt_maxValue_dec_1,0.041766837632275136,0.03604564269606471
TQWT Features,tqwt_maxValue_dec_2,0.02519498798941799,0.021486493393138552
TQWT Features,tqwt_maxValue_dec_3,0.029413036917989414,0.025983405230260662
TQWT Features,tqwt_maxValue_dec_4,0.03487716608465609,0.032998217571221025
TQWT Features,tqwt_maxValue_dec_5,0.04245189551587302,0.0434713696105219
TQWT Features,tqwt_maxValue_dec_6,0.04397034002645502,0.04603586394681976
TQWT Features,tqwt_maxValue_dec_7,0.047353770462962956,0.038528591927008866
TQWT Features,tqwt_maxValue_dec_8,0.05929725744708995,0.0462603398056675
TQWT Features,tqwt_maxValue_dec_9,0.07091140207671957,0.053514201504159906
TQWT Features,tqwt_maxValue_dec_10,0.07464621712962963,0.05750830397846216
TQWT Features,tqwt_maxValue_dec_11,0.07872362899470899,0.06409337453124923
TQWT Features,tqwt_maxValue_dec_12,0.11281338461640211,0.09555537818274316
TQWT Features,tqwt_maxValue_dec_13,0.19320613240740742,0.15565407536232198
TQWT Features,tqwt_maxValue_dec_14,0.30208187976190476,0.21576220003835253
TQWT Features,tqwt_maxValue_dec_15,0.3874048538359789,0.262577352929738
TQWT Features,tqwt_maxValue_dec_16,0.4778599082010582,0.31215607353027564
TQWT Features,tqwt_maxValue_dec_17,0.5998253711640212,0.36243719583178646
TQWT Features,tqwt_maxValue_dec_18,0.6472650753968254,0.3865461199393995
TQWT Features,tqwt_maxValue_dec_19,0.5409025462962963,0.34254885711124683
TQWT Features,tqwt_maxValue_dec_20,0.43023965595238095,0.2692816183232914
TQWT Features,tqwt_maxValue_dec_21,0.387307488095238,0.24902507238682572
TQWT Features,tqwt_maxValue_dec_22,0.39631303835978837,0.25458282077073563
TQWT Features,tqwt_maxValue_dec_23,0.46202205291005294,0.33539691124917054
TQWT Features,tqwt_maxValue_dec_24,0.5833460529100528,0.4653592105340485
TQWT Features,tqwt_maxValue_dec_25,0.6534556481481482,0.548916054159666
TQWT Features,tqwt_maxValue_dec_26,0.5928262817460318,0.5766585184261231
TQWT Features,tqwt_maxValue_dec_27,0.423847867063492,0.5743348373694774
TQWT Features,tqwt_maxValue_dec_28,0.27231113981481486,0.44421753257852564
TQWT Features,tqwt_maxValue_dec_29,0.17117767579365076,0.30335396519338426
TQWT Features,tqwt_maxValue_dec_30,0.1372711335978836,0.19473669476285851
TQWT Features,tqwt_maxValue_dec_31,0.1221761925925926,0.16183830288551226
TQWT Features,tqwt_maxValue_dec_32,0.1190741167989418,0.18428196496487925
TQWT Features,tqwt_maxValue_dec_33,0.1040481291005291,0.18273482004002273
TQWT Features,tqwt_maxValue_dec_34,0.09425586604497355,0.1489579274715943
TQWT Features,tqwt_maxValue_dec_35,0.09305921301587301,0.1524196430954044
TQWT Features,tqwt_maxValue_dec_36,0.2255532562301587,0.39381845052603903
TQWT Features,tqwt_skewnessValue_dec_1,0.14300804744708986,12.092280400828496
TQWT Features,tqwt_skewnessValue_dec_2,0.030596395714285688,4.57657386474723
TQWT Features,tqwt_skewnessValue_dec_3,0.008353048055556086,0.1696963059786312
TQWT Features,tqwt_skewnessValue_dec_4,0.011769306679894178,2.4262938187865073
TQWT Features,tqwt_skewnessValue_dec_5,0.0018790501587286578,0.10105957106027055
TQWT Features,tqwt_skewnessValue_dec_6,0.01510578992063493,1.1137510214168158
TQWT Features,tqwt_skewnessValue_dec_7,-0.0015667946825396824,0.30309114209310334
TQWT Features,tqwt_skewnessValue_dec_8,0.000723298571428522,0.03595443132970317
TQWT Features,tqwt_skewnessValue_dec_9,0.0010534924338624343,0.1232109143638787
TQWT Features,tqwt_skewnessValue_dec_10,-0.0023320024867724888,0.17824218697720892
TQWT Features,tqwt_skewnessValue_dec_11,-0.002594025489417993,0.18500505682097615
TQWT Features,tqwt_skewnessValue_dec_12,0.0001103725661375863,0.04866739761398462
TQWT Features,tqwt_skewnessValue_dec_13,0.00021746886243384714,0.01189618549632599
TQWT Features,tqwt_skewnessValue_dec_14,0.00036010347883597924,0.02941241486558406
TQWT Features,tqwt_skewnessValue_dec_15,-0.0005836260052910052,0.030908220970807476
TQWT Features,tqwt_skewnessValue_dec_16,0.00018696156084656036,0.01174490255896191
TQWT Features,tqwt_skewnessValue_dec_17,-0.0003649439153439136,0.014353803497735008
TQWT Features,tqwt_skewnessValue_dec_18,5.4051785714287315e-05,0.008996863153562453
TQWT Features,tqwt_skewnessValue_dec_19,-8.212787037037043e-05,0.031802697053337825
TQWT Features,tqwt_skewnessValue_dec_20,-0.00016501452380952218,0.01548733189466301
TQWT Features,tqwt_skewnessValue_dec_21,-0.0006980031746031741,0.012905839030630454
TQWT Features,tqwt_skewnessValue_dec_22,0.00019132228439153686,0.01522139054054681
TQWT Features,tqwt_skewnessValue_dec_23,0.00012027331481481375,0.011573384419603639
TQWT Features,tqwt_skewnessValue_dec_24,-0.004947098554232803,0.13729070970913018
TQWT Features,tqwt_skewnessValue_dec_25,-0.014735805206349201,0.3438401136085834
TQWT Features,tqwt_skewnessValue_dec_26,0.011726051802910057,0.5444888477393522
TQWT Features,tqwt_skewnessValue_dec_27,0.006372667579365079,1.6321925931169905
TQWT Features,tqwt_skewnessValue_dec_28,-0.0502953762830688,1.8326345665851536
TQWT Features,tqwt_skewnessValue_dec_29,-0.04901217494708994,1.6895894310557902
TQWT Features,tqwt_skewnessValue_dec_30,0.00038579144179894147,0.36246663871070534
TQWT Features,tqwt_skewnessValue_dec_31,-0.07959436519841269,1.2656340414988774
TQWT Features,tqwt_skewnessValue_dec_32,-0.05118541376984128,1.2187931127511293
TQWT Features,tqwt_skewnessValue_dec_33,-0.05473320089947091,1.2663754612318077
TQWT Features,tqwt_skewnessValue_dec_34,-0.041839840238095234,1.4310320865834618
TQWT Features,tqwt_skewnessValue_dec_35,-0.01561512121693122,1.4505746366790695
TQWT Features,tqwt_skewnessValue_dec_36,-0.005241511600529087,4.445691886075106
TQWT Features,tqwt_kurtosisValue_dec_1,1059.1466115079365,3520.198076649004
TQWT Features,tqwt_kurtosisValue_dec_2,377.35743862433867,1513.8062990152612
TQWT Features,tqwt_kurtosisValue_dec_3,328.9278601851852,1337.7165749212827
TQWT Features,tqwt_kurtosisValue_dec_4,317.9944388888889,1274.3850924119254
TQWT Features,tqwt_kurtosisValue_dec_5,305.03600701058195,1210.495189210138
TQWT Features,tqwt_kurtosisValue_dec_6,172.3627462962963,821.1969556726106
TQWT Features,tqwt_kurtosisValue_dec_7,40.40866190476191,239.39014444009197
TQWT Features,tqwt_kurtosisValue_dec_8,15.06451322751323,75.81498400995753
TQWT Features,tqwt_kurtosisValue_dec_9,12.107315608465608,77.31904181323644
TQWT Features,tqwt_kurtosisValue_dec_10,11.757944841269843,74.54562269168898
TQWT Features,tqwt_kurtosisValue_dec_11,11.871530423280424,39.09984777504807
TQWT Features,tqwt_kurtosisValue_dec_12,9.529079761904763,36.32511987649192
TQWT Features,tqwt_kurtosisValue_dec_13,3.741615211640212,4.818012137053799
TQWT Features,tqwt_kurtosisValue_dec_14,3.33231335978836,2.9610062580355603
TQWT Features,tqwt_kurtosisValue_dec_15,3.2702896825396826,2.0485209380938465
TQWT Features,tqwt_kurtosisValue_dec_16,2.9954719576719575,1.443271245981911
TQWT Features,tqwt_kurtosisValue_dec_17,2.71067791005291,1.3097858230350772
TQWT Features,tqwt_kurtosisValue_dec_18,2.6082291005291007,1.2282728139017367
TQWT Features,tqwt_kurtosisValue_dec_19,2.5534570105820107,1.0603660168792846
TQWT Features,tqwt_kurtosisValue_dec_20,2.4320013227513226,0.8919320820812924
TQWT Features,tqwt_kurtosisValue_dec_21,2.300005687830688,0.8679310544460783
TQWT Features,tqwt_kurtosisValue_dec_22,2.183110582010582,0.7959188729192024
TQWT Features,tqwt_kurtosisValue_dec_23,2.1765424603174606,1.708728414302656
TQWT Features,tqwt_kurtosisValue_dec_24,2.5952497354497357,5.975174953347256
TQWT Features,tqwt_kurtosisValue_dec_25,6.782668121693122,31.686036521438567
TQWT Features,tqwt_kurtosisValue_dec_26,15.766941798941797,45.217368746434495
TQWT Features,tqwt_kurtosisValue_dec_27,21.02605423280423,43.68797469205055
TQWT Features,tqwt_kurtosisValue_dec_28,26.237250793650794,42.19276044508351
TQWT Features,tqwt_kurtosisValue_dec_29,22.84033716931217,32.60487862571003
TQWT Features,tqwt_kurtosisValue_dec_30,18.587887566137564,25.52056875965387
TQWT Features,tqwt_kurtosisValue_dec_31,13.872017592592591,20.03276701839452
TQWT Features,tqwt_kurtosisValue_dec_32,12.218952777777778,17.771875973569944
TQWT Features,tqwt_kurtosisValue_dec_33,12.375334656084657,16.330853856884215
TQWT Features,tqwt_kurtosisValue_dec_34,14.79923029100529,15.712100214597875
TQWT Features,tqwt_kurtosisValue_dec_35,14.751558730158731,14.423430287712897
TQWT Features,tqwt_kurtosisValue_dec_36,31.48111031746032,34.20834421778106
Class,class,0.746031746031746,0.43527965716832023
